{"nodes": [{"min_domain": 0, "local_id": 0, "node_id": 1, "location": null, "max_domain": 19435, "owner_id": 0}, {"min_domain": 0, "local_id": 1, "node_id": 2, "location": null, "max_domain": 19435, "owner_id": 0}, {"min_domain": 0, "local_id": 2, "node_id": 3, "location": null, "max_domain": 19435, "owner_id": 0}, {"min_domain": 0, "local_id": 3, "node_id": 4, "location": null, "max_domain": 19435, "owner_id": 0}, {"min_domain": 0, "local_id": 4, "node_id": 5, "location": null, "max_domain": 19435, "owner_id": 0}, {"min_domain": 0, "local_id": 0, "node_id": 6, "location": null, "max_domain": 19435, "owner_id": 1}, {"min_domain": 0, "local_id": 1, "node_id": 7, "location": null, "max_domain": 19435, "owner_id": 1}, {"min_domain": 0, "local_id": 2, "node_id": 8, "location": null, "max_domain": 19435, "owner_id": 1}, {"min_domain": 0, "local_id": 3, "node_id": 9, "location": null, "max_domain": 19435, "owner_id": 1}, {"min_domain": 0, "local_id": 4, "node_id": 10, "location": null, "max_domain": 19435, "owner_id": 1}, {"min_domain": 0, "local_id": 5, "node_id": 11, "location": null, "max_domain": 19435, "owner_id": 1}, {"min_domain": 0, "local_id": 6, "node_id": 12, "location": null, "max_domain": 19435, "owner_id": 1}, {"min_domain": 0, "local_id": 0, "node_id": 13, "location": null, "max_domain": 19435, "owner_id": 2}, {"min_domain": 0, "local_id": 1, "node_id": 14, "location": null, "max_domain": 19435, "owner_id": 2}, {"min_domain": 0, "local_id": 2, "node_id": 15, "location": null, "max_domain": 19435, "owner_id": 2}, {"min_domain": 0, "local_id": 3, "node_id": 16, "location": null, "max_domain": 19435, "owner_id": 2}, {"min_domain": 0, "local_id": 0, "node_id": 17, "location": null, "max_domain": 19435, "owner_id": 3}, {"min_domain": 0, "local_id": 1, "node_id": 18, "location": null, "max_domain": 19435, "owner_id": 3}, {"min_domain": 0, "local_id": 2, "node_id": 19, "location": null, "max_domain": 19435, "owner_id": 3}, {"min_domain": 0, "local_id": 3, "node_id": 20, "location": null, "max_domain": 19435, "owner_id": 3}], "num_agents": 4, "constraints": [{"second_node": 11, "max_duration": "inf", "first_node": 10, "min_duration": 0}, {"second_node": 17, "max_duration": 1000, "first_node": 1, "min_duration": 0}, {"second_node": 9, "max_duration": "inf", "first_node": 8, "min_duration": 0}, {"second_node": 19, "max_duration": "inf", "first_node": 18, "min_duration": 0}, {"second_node": 10, "max_duration": 1000, "first_node": 3, "min_duration": 0}, {"second_node": 2, "max_duration": 5110, "distribution": {"name": "G_0.3147210000000001_(1.0,-0.5)", "type": "Empirical"}, "first_node": 1, "min_duration": -500}, {"second_node": 14, "max_duration": 1000, "first_node": 2, "min_duration": 0}, {"second_node": 7, "max_duration": 13337, "distribution": {"name": "G_1.542564_(1.0,0.9170004036334599)", "type": "Empirical"}, "first_node": 6, "min_duration": 917}, {"second_node": 20, "max_duration": 12452, "distribution": {"name": "G_1.67521249_(1.0,-0.49099862516720194)", "type": "Empirical"}, "first_node": 19, "min_duration": -491}, {"second_node": 3, "max_duration": 1000, "first_node": 16, "min_duration": 0}, {"second_node": 16, "max_duration": 1000, "first_node": 19, "min_duration": 0}, {"second_node": 4, "max_duration": "inf", "first_node": 3, "min_duration": 0}, {"second_node": 18, "max_duration": "inf", "first_node": 17, "min_duration": 0}, {"second_node": 2, "max_duration": 1000, "first_node": 8, "min_duration": 0}, {"second_node": 5, "max_duration": 8121, "distribution": {"name": "G_0.6771644099999999_(1.0,-0.10799999999999853)", "type": "Empirical"}, "first_node": 4, "min_duration": -108}, {"second_node": 10, "max_duration": "inf", "first_node": 9, "min_duration": 0}, {"second_node": 12, "max_duration": 1000, "first_node": 20, "min_duration": 0}, {"second_node": 3, "max_duration": "inf", "first_node": 2, "min_duration": 0}, {"second_node": 13, "max_duration": 1000, "first_node": 17, "min_duration": 0}, {"second_node": 12, "max_duration": "inf", "first_node": 11, "min_duration": 0}, {"second_node": 14, "max_duration": 13574, "distribution": {"name": "G_0.7834020100000002_(1.0,4.723000000000156)", "type": "Empirical"}, "first_node": 13, "min_duration": 4723}, {"second_node": 16, "max_duration": "inf", "first_node": 15, "min_duration": 0}, {"second_node": 1, "max_duration": 1000, "first_node": 6, "min_duration": 0}, {"second_node": 7, "max_duration": 1000, "first_node": 18, "min_duration": 0}, {"second_node": 4, "max_duration": 1000, "first_node": 12, "min_duration": 0}, {"second_node": 20, "max_duration": 1000, "first_node": 11, "min_duration": 0}, {"second_node": 9, "max_duration": 1000, "first_node": 15, "min_duration": 0}, {"second_node": 15, "max_duration": "inf", "first_node": 14, "min_duration": 0}, {"second_node": 19, "max_duration": 1000, "first_node": 9, "min_duration": 0}, {"second_node": 8, "max_duration": "inf", "first_node": 7, "min_duration": 0}]}