{"nodes": [{"min_domain": 0, "local_id": 0, "node_id": 1, "location": null, "max_domain": 86886, "owner_id": 0}, {"min_domain": 0, "local_id": 1, "node_id": 2, "location": null, "max_domain": 86886, "owner_id": 0}, {"min_domain": 0, "local_id": 2, "node_id": 3, "location": null, "max_domain": 86886, "owner_id": 0}, {"min_domain": 0, "local_id": 3, "node_id": 4, "location": null, "max_domain": 86886, "owner_id": 0}, {"min_domain": 0, "local_id": 0, "node_id": 5, "location": null, "max_domain": 86886, "owner_id": 1}, {"min_domain": 0, "local_id": 1, "node_id": 6, "location": null, "max_domain": 86886, "owner_id": 1}, {"min_domain": 0, "local_id": 2, "node_id": 7, "location": null, "max_domain": 86886, "owner_id": 1}, {"min_domain": 0, "local_id": 3, "node_id": 8, "location": null, "max_domain": 86886, "owner_id": 1}, {"min_domain": 0, "local_id": 0, "node_id": 9, "location": null, "max_domain": 86886, "owner_id": 2}, {"min_domain": 0, "local_id": 1, "node_id": 10, "location": null, "max_domain": 86886, "owner_id": 2}, {"min_domain": 0, "local_id": 2, "node_id": 11, "location": null, "max_domain": 86886, "owner_id": 2}, {"min_domain": 0, "local_id": 0, "node_id": 12, "location": null, "max_domain": 86886, "owner_id": 3}, {"min_domain": 0, "local_id": 1, "node_id": 13, "location": null, "max_domain": 86886, "owner_id": 3}, {"min_domain": 0, "local_id": 2, "node_id": 14, "location": null, "max_domain": 86886, "owner_id": 3}, {"min_domain": 0, "local_id": 3, "node_id": 15, "location": null, "max_domain": 86886, "owner_id": 3}, {"min_domain": 0, "local_id": 4, "node_id": 16, "location": null, "max_domain": 86886, "owner_id": 3}, {"min_domain": 0, "local_id": 5, "node_id": 17, "location": null, "max_domain": 86886, "owner_id": 3}, {"min_domain": 0, "local_id": 6, "node_id": 18, "location": null, "max_domain": 86886, "owner_id": 3}, {"min_domain": 0, "local_id": 7, "node_id": 19, "location": null, "max_domain": 86886, "owner_id": 3}, {"min_domain": 0, "local_id": 8, "node_id": 20, "location": null, "max_domain": 86886, "owner_id": 3}], "num_agents": 4, "constraints": [{"second_node": 1, "max_duration": 5000, "first_node": 12, "min_duration": 0}, {"second_node": 16, "max_duration": 5000, "first_node": 2, "min_duration": 0}, {"second_node": 6, "max_duration": 21332, "distribution": {"name": "G_4.766362240000001_(1.0,-0.47987033984757377)", "type": "Empirical"}, "first_node": 5, "min_duration": -500}, {"second_node": 13, "max_duration": 5000, "first_node": 5, "min_duration": 0}, {"second_node": 19, "max_duration": 28378, "distribution": {"name": "G_8.33823376_(1.0,-0.24516165338742468)", "type": "Empirical"}, "first_node": 18, "min_duration": -498}, {"second_node": 11, "max_duration": 21332, "distribution": {"name": "G_4.766362240000001_(1.0,-0.47987033984757377)", "type": "Empirical"}, "first_node": 10, "min_duration": -500}, {"second_node": 2, "max_duration": "inf", "first_node": 1, "min_duration": 0}, {"second_node": 7, "max_duration": "inf", "first_node": 6, "min_duration": 0}, {"second_node": 13, "max_duration": 28378, "distribution": {"name": "G_8.33823376_(1.0,-0.24516165338742468)", "type": "Empirical"}, "first_node": 12, "min_duration": -498}, {"second_node": 10, "max_duration": 5000, "first_node": 3, "min_duration": 0}, {"second_node": 19, "max_duration": 5000, "first_node": 7, "min_duration": 0}, {"second_node": 3, "max_duration": 5000, "first_node": 19, "min_duration": 0}, {"second_node": 15, "max_duration": 33288, "distribution": {"name": "G_11.412910890000003_(1.0,0.2184762864574442)", "type": "Empirical"}, "first_node": 14, "min_duration": -495}, {"second_node": 17, "max_duration": 28378, "distribution": {"name": "G_8.33823376_(1.0,-0.24516165338742468)", "type": "Empirical"}, "first_node": 16, "min_duration": -498}, {"second_node": 10, "max_duration": "inf", "first_node": 9, "min_duration": 0}, {"second_node": 4, "max_duration": 33288, "distribution": {"name": "G_11.412910890000003_(1.0,0.2184762864574442)", "type": "Empirical"}, "first_node": 3, "min_duration": -495}, {"second_node": 18, "max_duration": 22062, "distribution": {"name": "G_5.08998721_(1.0,-0.47022227130754224)", "type": "Empirical"}, "first_node": 17, "min_duration": -499}, {"second_node": 20, "max_duration": 20302, "distribution": {"name": "G_4.3264000000000005_(1.0,-0.486543079219201)", "type": "Empirical"}, "first_node": 19, "min_duration": -498}, {"second_node": 2, "max_duration": 5000, "first_node": 15, "min_duration": 0}, {"second_node": 14, "max_duration": "inf", "first_node": 13, "min_duration": 0}, {"second_node": 16, "max_duration": "inf", "first_node": 15, "min_duration": 0}, {"second_node": 7, "max_duration": 5000, "first_node": 18, "min_duration": 0}, {"second_node": 3, "max_duration": "inf", "first_node": 2, "min_duration": 0}, {"second_node": 8, "max_duration": "inf", "first_node": 7, "min_duration": 0}]}