{"nodes": [{"min_domain": 0, "local_id": 0, "node_id": 1, "location": null, "max_domain": 94009, "owner_id": 0}, {"min_domain": 0, "local_id": 1, "node_id": 2, "location": null, "max_domain": 94009, "owner_id": 0}, {"min_domain": 0, "local_id": 2, "node_id": 3, "location": null, "max_domain": 94009, "owner_id": 0}, {"min_domain": 0, "local_id": 3, "node_id": 4, "location": null, "max_domain": 94009, "owner_id": 0}, {"min_domain": 0, "local_id": 4, "node_id": 5, "location": null, "max_domain": 94009, "owner_id": 0}, {"min_domain": 0, "local_id": 5, "node_id": 6, "location": null, "max_domain": 94009, "owner_id": 0}, {"min_domain": 0, "local_id": 0, "node_id": 7, "location": null, "max_domain": 94009, "owner_id": 1}, {"min_domain": 0, "local_id": 1, "node_id": 8, "location": null, "max_domain": 94009, "owner_id": 1}, {"min_domain": 0, "local_id": 2, "node_id": 9, "location": null, "max_domain": 94009, "owner_id": 1}, {"min_domain": 0, "local_id": 3, "node_id": 10, "location": null, "max_domain": 94009, "owner_id": 1}, {"min_domain": 0, "local_id": 4, "node_id": 11, "location": null, "max_domain": 94009, "owner_id": 1}, {"min_domain": 0, "local_id": 5, "node_id": 12, "location": null, "max_domain": 94009, "owner_id": 1}, {"min_domain": 0, "local_id": 6, "node_id": 13, "location": null, "max_domain": 94009, "owner_id": 1}, {"min_domain": 0, "local_id": 7, "node_id": 14, "location": null, "max_domain": 94009, "owner_id": 1}, {"min_domain": 0, "local_id": 8, "node_id": 15, "location": null, "max_domain": 94009, "owner_id": 1}, {"min_domain": 0, "local_id": 9, "node_id": 16, "location": null, "max_domain": 94009, "owner_id": 1}, {"min_domain": 0, "local_id": 10, "node_id": 17, "location": null, "max_domain": 94009, "owner_id": 1}, {"min_domain": 0, "local_id": 11, "node_id": 18, "location": null, "max_domain": 94009, "owner_id": 1}, {"min_domain": 0, "local_id": 12, "node_id": 19, "location": null, "max_domain": 94009, "owner_id": 1}, {"min_domain": 0, "local_id": 13, "node_id": 20, "location": null, "max_domain": 94009, "owner_id": 1}], "num_agents": 2, "constraints": [{"second_node": 11, "max_duration": "inf", "first_node": 10, "min_duration": 0}, {"second_node": 6, "max_duration": "inf", "first_node": 5, "min_duration": 0}, {"second_node": 9, "max_duration": "inf", "first_node": 8, "min_duration": 0}, {"second_node": 12, "max_duration": 10000, "first_node": 4, "min_duration": 0}, {"second_node": 19, "max_duration": "inf", "first_node": 18, "min_duration": 0}, {"second_node": 6, "max_duration": 10000, "first_node": 18, "min_duration": 0}, {"second_node": 5, "max_duration": 10000, "first_node": 15, "min_duration": 0}, {"second_node": 2, "max_duration": "inf", "first_node": 1, "min_duration": 0}, {"second_node": 13, "max_duration": 23707, "distribution": {"name": "G_5.8559160100000005_(1.0,-0.4339170059796004)", "type": "Empirical"}, "first_node": 12, "min_duration": -492}, {"second_node": 20, "max_duration": "inf", "first_node": 19, "min_duration": 0}, {"second_node": 18, "max_duration": 23751, "distribution": {"name": "G_5.87771536_(1.0,-0.4338869840968688)", "type": "Empirical"}, "first_node": 17, "min_duration": -493}, {"second_node": 4, "max_duration": 10000, "first_node": 11, "min_duration": 0}, {"second_node": 2, "max_duration": 10000, "first_node": 8, "min_duration": 0}, {"second_node": 1, "max_duration": 10000, "first_node": 7, "min_duration": 0}, {"second_node": 5, "max_duration": "inf", "first_node": 4, "min_duration": 0}, {"second_node": 10, "max_duration": 24522, "distribution": {"name": "G_6.25950361_(1.0,-0.4179857775769362)", "type": "Empirical"}, "first_node": 9, "min_duration": -497}, {"second_node": 9, "max_duration": 10000, "first_node": 3, "min_duration": 0}, {"second_node": 3, "max_duration": 21332, "distribution": {"name": "G_4.766362240000001_(1.0,-0.47987033984757377)", "type": "Empirical"}, "first_node": 2, "min_duration": -500}, {"second_node": 4, "max_duration": 28716, "distribution": {"name": "G_8.535746560000002_(1.0,-0.2247528039477515)", "type": "Empirical"}, "first_node": 3, "min_duration": -500}, {"second_node": 12, "max_duration": "inf", "first_node": 11, "min_duration": 0}, {"second_node": 17, "max_duration": 24522, "distribution": {"name": "G_6.25950361_(1.0,-0.4179857775769362)", "type": "Empirical"}, "first_node": 16, "min_duration": -497}, {"second_node": 16, "max_duration": 10000, "first_node": 5, "min_duration": 0}, {"second_node": 14, "max_duration": 20302, "distribution": {"name": "G_4.3264000000000005_(1.0,-0.486543079219201)", "type": "Empirical"}, "first_node": 13, "min_duration": -498}, {"second_node": 16, "max_duration": "inf", "first_node": 15, "min_duration": 0}, {"second_node": 8, "max_duration": 10000, "first_node": 1, "min_duration": 0}, {"second_node": 19, "max_duration": 10000, "first_node": 6, "min_duration": 0}, {"second_node": 15, "max_duration": 22844, "distribution": {"name": "G_5.44848964_(1.0,-0.45713095494280565)", "type": "Empirical"}, "first_node": 14, "min_duration": -498}, {"second_node": 8, "max_duration": 22844, "distribution": {"name": "G_5.44848964_(1.0,-0.45713095494280565)", "type": "Empirical"}, "first_node": 7, "min_duration": -498}]}