{"nodes": [{"min_domain": 0, "local_id": 0, "node_id": 1, "location": null, "max_domain": 16956, "owner_id": 0}, {"min_domain": 0, "local_id": 1, "node_id": 2, "location": null, "max_domain": 16956, "owner_id": 0}, {"min_domain": 0, "local_id": 2, "node_id": 3, "location": null, "max_domain": 16956, "owner_id": 0}, {"min_domain": 0, "local_id": 3, "node_id": 4, "location": null, "max_domain": 16956, "owner_id": 0}, {"min_domain": 0, "local_id": 4, "node_id": 5, "location": null, "max_domain": 16956, "owner_id": 0}, {"min_domain": 0, "local_id": 5, "node_id": 6, "location": null, "max_domain": 16956, "owner_id": 0}, {"min_domain": 0, "local_id": 0, "node_id": 7, "location": null, "max_domain": 16956, "owner_id": 1}, {"min_domain": 0, "local_id": 1, "node_id": 8, "location": null, "max_domain": 16956, "owner_id": 1}, {"min_domain": 0, "local_id": 2, "node_id": 9, "location": null, "max_domain": 16956, "owner_id": 1}, {"min_domain": 0, "local_id": 3, "node_id": 10, "location": null, "max_domain": 16956, "owner_id": 1}, {"min_domain": 0, "local_id": 4, "node_id": 11, "location": null, "max_domain": 16956, "owner_id": 1}, {"min_domain": 0, "local_id": 0, "node_id": 12, "location": null, "max_domain": 16956, "owner_id": 2}, {"min_domain": 0, "local_id": 1, "node_id": 13, "location": null, "max_domain": 16956, "owner_id": 2}, {"min_domain": 0, "local_id": 2, "node_id": 14, "location": null, "max_domain": 16956, "owner_id": 2}, {"min_domain": 0, "local_id": 3, "node_id": 15, "location": null, "max_domain": 16956, "owner_id": 2}, {"min_domain": 0, "local_id": 0, "node_id": 16, "location": null, "max_domain": 16956, "owner_id": 3}, {"min_domain": 0, "local_id": 1, "node_id": 17, "location": null, "max_domain": 16956, "owner_id": 3}, {"min_domain": 0, "local_id": 2, "node_id": 18, "location": null, "max_domain": 16956, "owner_id": 3}, {"min_domain": 0, "local_id": 3, "node_id": 19, "location": null, "max_domain": 16956, "owner_id": 3}, {"min_domain": 0, "local_id": 4, "node_id": 20, "location": null, "max_domain": 16956, "owner_id": 3}], "num_agents": 4, "constraints": [{"second_node": 8, "max_duration": 6000, "first_node": 17, "min_duration": 0}, {"second_node": 11, "max_duration": "inf", "first_node": 10, "min_duration": 0}, {"second_node": 6, "max_duration": "inf", "first_node": 5, "min_duration": 0}, {"second_node": 9, "max_duration": "inf", "first_node": 8, "min_duration": 0}, {"second_node": 19, "max_duration": 16743, "distribution": {"name": "G_2.97183121_(1.0,-0.4952204488559347)", "type": "Empirical"}, "first_node": 18, "min_duration": -496}, {"second_node": 7, "max_duration": 6000, "first_node": 16, "min_duration": 0}, {"second_node": 2, "max_duration": "inf", "first_node": 1, "min_duration": 0}, {"second_node": 13, "max_duration": 15971, "distribution": {"name": "G_2.71293841_(1.0,-0.4996492222157782)", "type": "Empirical"}, "first_node": 12, "min_duration": -500}, {"second_node": 18, "max_duration": "inf", "first_node": 17, "min_duration": 0}, {"second_node": 1, "max_duration": 6000, "first_node": 7, "min_duration": 0}, {"second_node": 5, "max_duration": "inf", "first_node": 4, "min_duration": 0}, {"second_node": 13, "max_duration": 6000, "first_node": 10, "min_duration": 0}, {"second_node": 10, "max_duration": "inf", "first_node": 9, "min_duration": 0}, {"second_node": 3, "max_duration": "inf", "first_node": 2, "min_duration": 0}, {"second_node": 20, "max_duration": 17168, "distribution": {"name": "G_3.12087556_(1.0,-0.49683414231072004)", "type": "Empirical"}, "first_node": 19, "min_duration": -498}, {"second_node": 17, "max_duration": "inf", "first_node": 16, "min_duration": 0}, {"second_node": 12, "max_duration": 6000, "first_node": 8, "min_duration": 0}, {"second_node": 14, "max_duration": "inf", "first_node": 13, "min_duration": 0}, {"second_node": 4, "max_duration": 20914, "distribution": {"name": "G_4.57489321_(1.0,-0.45905513990314145)", "type": "Empirical"}, "first_node": 3, "min_duration": -475}, {"second_node": 15, "max_duration": 15498, "distribution": {"name": "G_2.5574406400000007_(1.0,-0.4937983201166101)", "type": "Empirical"}, "first_node": 14, "min_duration": -494}, {"second_node": 15, "max_duration": 6000, "first_node": 20, "min_duration": 0}, {"second_node": 8, "max_duration": "inf", "first_node": 7, "min_duration": 0}]}