{"nodes": [{"min_domain": 0, "local_id": 0, "node_id": 1, "location": null, "max_domain": 13801, "owner_id": 0}, {"min_domain": 0, "local_id": 1, "node_id": 2, "location": null, "max_domain": 13801, "owner_id": 0}, {"min_domain": 0, "local_id": 2, "node_id": 3, "location": null, "max_domain": 13801, "owner_id": 0}, {"min_domain": 0, "local_id": 3, "node_id": 4, "location": null, "max_domain": 13801, "owner_id": 0}, {"min_domain": 0, "local_id": 0, "node_id": 5, "location": null, "max_domain": 13801, "owner_id": 1}, {"min_domain": 0, "local_id": 1, "node_id": 6, "location": null, "max_domain": 13801, "owner_id": 1}, {"min_domain": 0, "local_id": 2, "node_id": 7, "location": null, "max_domain": 13801, "owner_id": 1}, {"min_domain": 0, "local_id": 3, "node_id": 8, "location": null, "max_domain": 13801, "owner_id": 1}, {"min_domain": 0, "local_id": 4, "node_id": 9, "location": null, "max_domain": 13801, "owner_id": 1}, {"min_domain": 0, "local_id": 5, "node_id": 10, "location": null, "max_domain": 13801, "owner_id": 1}, {"min_domain": 0, "local_id": 0, "node_id": 11, "location": null, "max_domain": 13801, "owner_id": 2}, {"min_domain": 0, "local_id": 1, "node_id": 12, "location": null, "max_domain": 13801, "owner_id": 2}, {"min_domain": 0, "local_id": 2, "node_id": 13, "location": null, "max_domain": 13801, "owner_id": 2}, {"min_domain": 0, "local_id": 3, "node_id": 14, "location": null, "max_domain": 13801, "owner_id": 2}, {"min_domain": 0, "local_id": 4, "node_id": 15, "location": null, "max_domain": 13801, "owner_id": 2}, {"min_domain": 0, "local_id": 5, "node_id": 16, "location": null, "max_domain": 13801, "owner_id": 2}, {"min_domain": 0, "local_id": 0, "node_id": 17, "location": null, "max_domain": 13801, "owner_id": 3}, {"min_domain": 0, "local_id": 1, "node_id": 18, "location": null, "max_domain": 13801, "owner_id": 3}, {"min_domain": 0, "local_id": 2, "node_id": 19, "location": null, "max_domain": 13801, "owner_id": 3}, {"min_domain": 0, "local_id": 3, "node_id": 20, "location": null, "max_domain": 13801, "owner_id": 3}], "num_agents": 4, "constraints": [{"second_node": 6, "max_duration": "inf", "first_node": 5, "min_duration": 0}, {"second_node": 9, "max_duration": "inf", "first_node": 8, "min_duration": 0}, {"second_node": 19, "max_duration": 7125, "distribution": {"name": "G_0.58049161_(1.0,-0.494)", "type": "Empirical"}, "first_node": 18, "min_duration": -494}, {"second_node": 8, "max_duration": 1000, "first_node": 13, "min_duration": 0}, {"second_node": 2, "max_duration": "inf", "first_node": 1, "min_duration": 0}, {"second_node": 7, "max_duration": "inf", "first_node": 6, "min_duration": 0}, {"second_node": 13, "max_duration": "inf", "first_node": 12, "min_duration": 0}, {"second_node": 20, "max_duration": 10551, "distribution": {"name": "G_0.94439524_(1.0,0.8330000000251689)", "type": "Empirical"}, "first_node": 19, "min_duration": 833}, {"second_node": 11, "max_duration": 1000, "first_node": 17, "min_duration": 0}, {"second_node": 15, "max_duration": 12114, "distribution": {"name": "G_1.55800324_(1.0,-0.36799952958570853)", "type": "Empirical"}, "first_node": 14, "min_duration": -368}, {"second_node": 10, "max_duration": "inf", "first_node": 9, "min_duration": 0}, {"second_node": 4, "max_duration": 14810, "distribution": {"name": "G_1.46797456_(1.0,2.694000184301061)", "type": "Empirical"}, "first_node": 3, "min_duration": 2694}, {"second_node": 12, "max_duration": "inf", "first_node": 11, "min_duration": 0}, {"second_node": 18, "max_duration": "inf", "first_node": 17, "min_duration": 0}, {"second_node": 3, "max_duration": 1000, "first_node": 18, "min_duration": 0}, {"second_node": 14, "max_duration": "inf", "first_node": 13, "min_duration": 0}, {"second_node": 16, "max_duration": 9382, "distribution": {"name": "G_0.97634161_(1.0,-0.49899999994333505)", "type": "Empirical"}, "first_node": 15, "min_duration": -499}, {"second_node": 3, "max_duration": 10098, "distribution": {"name": "G_1.11555844_(1.0,-0.46399999886096477)", "type": "Empirical"}, "first_node": 2, "min_duration": -464}, {"second_node": 8, "max_duration": "inf", "first_node": 7, "min_duration": 0}]}