{"nodes": [{"min_domain": 0, "local_id": 0, "node_id": 1, "location": null, "max_domain": 59174, "owner_id": 0}, {"min_domain": 0, "local_id": 1, "node_id": 2, "location": null, "max_domain": 59174, "owner_id": 0}, {"min_domain": 0, "local_id": 2, "node_id": 3, "location": null, "max_domain": 59174, "owner_id": 0}, {"min_domain": 0, "local_id": 3, "node_id": 4, "location": null, "max_domain": 59174, "owner_id": 0}, {"min_domain": 0, "local_id": 4, "node_id": 5, "location": null, "max_domain": 59174, "owner_id": 0}, {"min_domain": 0, "local_id": 5, "node_id": 6, "location": null, "max_domain": 59174, "owner_id": 0}, {"min_domain": 0, "local_id": 6, "node_id": 7, "location": null, "max_domain": 59174, "owner_id": 0}, {"min_domain": 0, "local_id": 7, "node_id": 8, "location": null, "max_domain": 59174, "owner_id": 0}, {"min_domain": 0, "local_id": 8, "node_id": 9, "location": null, "max_domain": 59174, "owner_id": 0}, {"min_domain": 0, "local_id": 9, "node_id": 10, "location": null, "max_domain": 59174, "owner_id": 0}, {"min_domain": 0, "local_id": 0, "node_id": 11, "location": null, "max_domain": 59174, "owner_id": 1}, {"min_domain": 0, "local_id": 1, "node_id": 12, "location": null, "max_domain": 59174, "owner_id": 1}, {"min_domain": 0, "local_id": 2, "node_id": 13, "location": null, "max_domain": 59174, "owner_id": 1}, {"min_domain": 0, "local_id": 3, "node_id": 14, "location": null, "max_domain": 59174, "owner_id": 1}, {"min_domain": 0, "local_id": 4, "node_id": 15, "location": null, "max_domain": 59174, "owner_id": 1}, {"min_domain": 0, "local_id": 5, "node_id": 16, "location": null, "max_domain": 59174, "owner_id": 1}, {"min_domain": 0, "local_id": 6, "node_id": 17, "location": null, "max_domain": 59174, "owner_id": 1}, {"min_domain": 0, "local_id": 7, "node_id": 18, "location": null, "max_domain": 59174, "owner_id": 1}, {"min_domain": 0, "local_id": 8, "node_id": 19, "location": null, "max_domain": 59174, "owner_id": 1}, {"min_domain": 0, "local_id": 9, "node_id": 20, "location": null, "max_domain": 59174, "owner_id": 1}], "num_agents": 2, "constraints": [{"second_node": 6, "max_duration": "inf", "first_node": 5, "min_duration": 0}, {"second_node": 9, "max_duration": "inf", "first_node": 8, "min_duration": 0}, {"second_node": 19, "max_duration": 20582, "distribution": {"name": "G_4.410420010000001_(1.0,-0.40613918257384)", "type": "Empirical"}, "first_node": 18, "min_duration": -419}, {"second_node": 2, "max_duration": 16072, "distribution": {"name": "G_2.745980410000001_(1.0,-0.498608477348174)", "type": "Empirical"}, "first_node": 1, "min_duration": -499}, {"second_node": 7, "max_duration": 12000, "first_node": 18, "min_duration": 0}, {"second_node": 7, "max_duration": 19691, "distribution": {"name": "G_4.07434225_(1.0,-0.4861105289820054)", "type": "Empirical"}, "first_node": 6, "min_duration": -494}, {"second_node": 13, "max_duration": 13399, "distribution": {"name": "G_1.9318220099999999_(1.0,-0.49999076509207785)", "type": "Empirical"}, "first_node": 12, "min_duration": -500}, {"second_node": 20, "max_duration": "inf", "first_node": 19, "min_duration": 0}, {"second_node": 18, "max_duration": 13399, "distribution": {"name": "G_1.9318220099999999_(1.0,-0.49999076509207785)", "type": "Empirical"}, "first_node": 17, "min_duration": -500}, {"second_node": 4, "max_duration": 12000, "first_node": 11, "min_duration": 0}, {"second_node": 5, "max_duration": 13399, "distribution": {"name": "G_1.9318220099999999_(1.0,-0.49999076509207785)", "type": "Empirical"}, "first_node": 4, "min_duration": -500}, {"second_node": 10, "max_duration": 13399, "distribution": {"name": "G_1.9318220099999999_(1.0,-0.49999076509207785)", "type": "Empirical"}, "first_node": 9, "min_duration": -500}, {"second_node": 3, "max_duration": 20914, "distribution": {"name": "G_4.57489321_(1.0,-0.45905513990314145)", "type": "Empirical"}, "first_node": 2, "min_duration": -475}, {"second_node": 4, "max_duration": "inf", "first_node": 3, "min_duration": 0}, {"second_node": 12, "max_duration": "inf", "first_node": 11, "min_duration": 0}, {"second_node": 17, "max_duration": "inf", "first_node": 16, "min_duration": 0}, {"second_node": 14, "max_duration": "inf", "first_node": 13, "min_duration": 0}, {"second_node": 16, "max_duration": 13399, "distribution": {"name": "G_1.9318220099999999_(1.0,-0.49999076509207785)", "type": "Empirical"}, "first_node": 15, "min_duration": -500}, {"second_node": 5, "max_duration": 12000, "first_node": 13, "min_duration": 0}, {"second_node": 14, "max_duration": 12000, "first_node": 5, "min_duration": 0}, {"second_node": 15, "max_duration": 20582, "distribution": {"name": "G_4.410420010000001_(1.0,-0.40613918257384)", "type": "Empirical"}, "first_node": 14, "min_duration": -419}, {"second_node": 8, "max_duration": "inf", "first_node": 7, "min_duration": 0}]}