{"nodes": [{"min_domain": 0, "local_id": 0, "node_id": 1, "location": null, "max_domain": 25877, "owner_id": 0}, {"min_domain": 0, "local_id": 1, "node_id": 2, "location": null, "max_domain": 25877, "owner_id": 0}, {"min_domain": 0, "local_id": 2, "node_id": 3, "location": null, "max_domain": 25877, "owner_id": 0}, {"min_domain": 0, "local_id": 3, "node_id": 4, "location": null, "max_domain": 25877, "owner_id": 0}, {"min_domain": 0, "local_id": 4, "node_id": 5, "location": null, "max_domain": 25877, "owner_id": 0}, {"min_domain": 0, "local_id": 5, "node_id": 6, "location": null, "max_domain": 25877, "owner_id": 0}, {"min_domain": 0, "local_id": 6, "node_id": 7, "location": null, "max_domain": 25877, "owner_id": 0}, {"min_domain": 0, "local_id": 7, "node_id": 8, "location": null, "max_domain": 25877, "owner_id": 0}, {"min_domain": 0, "local_id": 8, "node_id": 9, "location": null, "max_domain": 25877, "owner_id": 0}, {"min_domain": 0, "local_id": 9, "node_id": 10, "location": null, "max_domain": 25877, "owner_id": 0}, {"min_domain": 0, "local_id": 10, "node_id": 11, "location": null, "max_domain": 25877, "owner_id": 0}, {"min_domain": 0, "local_id": 11, "node_id": 12, "location": null, "max_domain": 25877, "owner_id": 0}, {"min_domain": 0, "local_id": 12, "node_id": 13, "location": null, "max_domain": 25877, "owner_id": 0}, {"min_domain": 0, "local_id": 13, "node_id": 14, "location": null, "max_domain": 25877, "owner_id": 0}, {"min_domain": 0, "local_id": 0, "node_id": 15, "location": null, "max_domain": 25877, "owner_id": 1}, {"min_domain": 0, "local_id": 1, "node_id": 16, "location": null, "max_domain": 25877, "owner_id": 1}, {"min_domain": 0, "local_id": 2, "node_id": 17, "location": null, "max_domain": 25877, "owner_id": 1}, {"min_domain": 0, "local_id": 3, "node_id": 18, "location": null, "max_domain": 25877, "owner_id": 1}, {"min_domain": 0, "local_id": 4, "node_id": 19, "location": null, "max_domain": 25877, "owner_id": 1}, {"min_domain": 0, "local_id": 5, "node_id": 20, "location": null, "max_domain": 25877, "owner_id": 1}], "num_agents": 2, "constraints": [{"second_node": 11, "max_duration": "inf", "first_node": 10, "min_duration": 0}, {"second_node": 7, "max_duration": 2000, "first_node": 17, "min_duration": 0}, {"second_node": 6, "max_duration": "inf", "first_node": 5, "min_duration": 0}, {"second_node": 9, "max_duration": 6197, "distribution": {"name": "G_0.44836415999999996_(1.0,-0.499)", "type": "Empirical"}, "first_node": 8, "min_duration": -499}, {"second_node": 19, "max_duration": "inf", "first_node": 18, "min_duration": 0}, {"second_node": 2, "max_duration": "inf", "first_node": 1, "min_duration": 0}, {"second_node": 7, "max_duration": "inf", "first_node": 6, "min_duration": 0}, {"second_node": 13, "max_duration": "inf", "first_node": 12, "min_duration": 0}, {"second_node": 20, "max_duration": 7125, "distribution": {"name": "G_0.58049161_(1.0,-0.494)", "type": "Empirical"}, "first_node": 19, "min_duration": -494}, {"second_node": 13, "max_duration": 2000, "first_node": 20, "min_duration": 0}, {"second_node": 18, "max_duration": 14112, "distribution": {"name": "G_1.7231812899999999_(1.0,0.9850020466981879)", "type": "Empirical"}, "first_node": 17, "min_duration": 985}, {"second_node": 5, "max_duration": "inf", "first_node": 4, "min_duration": 0}, {"second_node": 10, "max_duration": "inf", "first_node": 9, "min_duration": 0}, {"second_node": 18, "max_duration": 2000, "first_node": 12, "min_duration": 0}, {"second_node": 3, "max_duration": 10098, "distribution": {"name": "G_1.11555844_(1.0,-0.46399999886096477)", "type": "Empirical"}, "first_node": 2, "min_duration": -464}, {"second_node": 4, "max_duration": "inf", "first_node": 3, "min_duration": 0}, {"second_node": 12, "max_duration": 13337, "distribution": {"name": "G_1.542564_(1.0,0.9170004036334599)", "type": "Empirical"}, "first_node": 11, "min_duration": 917}, {"second_node": 17, "max_duration": 9401, "distribution": {"name": "G_0.9802980099999999_(1.0,-0.4999999999375711)", "type": "Empirical"}, "first_node": 16, "min_duration": -500}, {"second_node": 14, "max_duration": 5110, "distribution": {"name": "G_0.3147210000000001_(1.0,-0.5)", "type": "Empirical"}, "first_node": 13, "min_duration": -500}, {"second_node": 16, "max_duration": "inf", "first_node": 15, "min_duration": 0}, {"second_node": 16, "max_duration": 2000, "first_node": 6, "min_duration": 0}, {"second_node": 8, "max_duration": "inf", "first_node": 7, "min_duration": 0}]}